"Catalogo de sismos - Servicio Sismologico Nacional (SSN) | UNAM - Mexico. DOI: 10.21766/SSNMX/EC/MX"
"Informacion sujeta a cambios. Archivo generado el 2025-04-29 a las 17:50:55 (tiempo del centro de Mexico)."
"Sismicidad del 1965-09-01 al 2023-12-31, mag. 5.5 a 9.9, todas las profundidades, lat. 15.13 a 32.26, long. -118.0 a -85.0."
"Total: 375 eventos."
Fecha,Hora,Magnitud,Latitud,Longitud,Profundidad,"Referencia de localizacion","Fecha UTC","Hora UTC","Estatus"
1965-12-09,00:07:51,6.5,17.249,-100.07,65.0,"27 km al NORTE de COYUCA DE BENITEZ, GRO",1965-12-09,06:07:51,revisado
1968-07-01,21:44:52,6.7,17.508,-100.256,62.0,"38 km al NORESTE de ATOYAC DE ALVAREZ, GRO",1968-07-02,03:44:52,revisado
1968-08-02,08:06:37,7.3,16.6,-97.8,16.0,"39 km al NORESTE de PINOTEPA NACIONAL, OAX",1968-08-02,14:06:37,revisado
1968-11-28,04:36:08,6.6,15.231,-94.775,23.0,"114 km al SURESTE de SALINA CRUZ, OAX",1968-11-28,10:36:08,revisado
1969-08-17,14:13:09,6.5,25.25,-109.24,15.0,"65 km al SUROESTE de LOS MOCHIS, SIN",1969-08-17,20:13:09,revisado
1969-08-17,14:15:00,6.7,25.12,-109.55,15.0,"93 km al SUROESTE de LOS MOCHIS, SIN",1969-08-17,20:15:00,revisado
1969-11-01,05:08:22,6.6,23.105,-107.99,10.0,"144 km al SUROESTE de LA CRUZ, SIN",1969-11-01,11:08:22,revisado
1970-02-03,23:08:50,6.6,15.524,-99.493,21.0,"141 km al SUR de SAN MARCOS, GRO",1970-02-04,05:08:50,revisado
1971-09-30,02:18:00,6.5,26.88,-110.8,14.0,"92 km al SUROESTE de PUEBLO YAQUI, SON",1971-09-30,08:18:00,revisado
1972-10-20,02:17:46,6.6,18.7,-106.756,10.0,"238 km al OESTE de CIHUATLAN, JAL",1972-10-20,08:17:46,revisado
1972-11-12,22:43:45,6.5,15.541,-95.04,14.0,"73 km al SUR de SALINA CRUZ, OAX",1972-11-13,04:43:45,revisado
1973-01-30,15:01:12,7.6,18.412,-103.019,24.0,"43 km al SURESTE de COALCOMAN, MICH",1973-01-30,21:01:12,revisado
1973-08-28,03:50:41,7.3,18.248,-96.551,82.0,"30 km al SUROESTE de TIERRA BLANCA, VER",1973-08-28,09:50:41,revisado
1974-05-31,08:04:59,6.3,27.23,-111.24,33.0,"83 km al SUROESTE de H GUAYMAS, SON",1974-05-31,14:04:59,revisado
1974-06-25,02:44:45,5.6,15.44,-95.47,30.0,"80 km al SURESTE de CRUCECITA, OAX",1974-06-25,08:44:45,revisado
1974-07-18,13:21:23,5.6,16.78,-98.6,33.0,"23 km al NOROESTE de OMETEPEC, GRO",1974-07-18,19:21:23,revisado
1974-10-06,11:09:33,5.5,16.69,-99.89,50.0,"20 km al SUR de ACAPULCO, GRO",1974-10-06,17:09:33,revisado
1974-10-24,18:05:34,6.0,15.84,-93.48,100.0,"34 km al NOROESTE de PIJIJIAPAN, CHIS",1974-10-25,00:05:34,revisado
1975-03-14,00:04:31,5.5,16.11,-93.63,155.0,"14 km al ESTE de TONALA, CHIS",1975-03-14,06:04:31,revisado
1975-04-23,05:14:48,6.0,16.34,-98.87,11.0,"62 km al SUROESTE de OMETEPEC, GRO",1975-04-23,11:14:48,revisado
1975-07-08,03:37:25,6.5,29.304,-113.468,5.0,"160 km al NORESTE de GUERRERO NEGRO, BCS",1975-07-08,09:37:25,revisado
1975-08-19,08:57:12,5.6,15.85,-94.34,33.0,"63 km al SUROESTE de ARRIAGA , CHIS",1975-08-19,14:57:12,revisado
1975-08-19,14:18:55,5.6,15.29,-98.81,33.0,"142 km al SUROESTE de PINOTEPA NACIONAL, OAX",1975-08-19,20:18:55,revisado
1975-09-24,11:19:37,5.7,25.15,-109.26,33.0,"76 km al SUROESTE de LOS MOCHIS, SIN",1975-09-24,17:19:37,revisado
1975-10-11,08:41:09,5.5,17.58,-102.28,33.0,"42 km al SUR de CD LAZARO CARDENAS, MICH",1975-10-11,14:41:09,revisado
1975-10-28,22:53:58,5.7,16.86,-99.67,33.0,"24 km al ESTE de ACAPULCO, GRO",1975-10-29,04:53:58,revisado
1975-11-15,09:28:30,5.9,18.23,-102.18,33.0,"24 km al NORTE de LAS GUACAMAYAS, MICH",1975-11-15,15:28:30,revisado
1976-02-01,05:14:57,5.7,17.17,-100.19,52.0,"21 km al NOROESTE de COYUCA DE BENITEZ, GRO",1976-02-01,11:14:57,revisado
1976-02-04,03:01:46,7.5,15.262,-89.198,13.0,"319 km al ESTE de FRONTERA COMALAPA, CHIS",1976-02-04,09:01:46,revisado
1976-02-08,02:13:46,5.6,15.57,-88.47,5.0,"325 km al SUR de CHETUMAL, QR",1976-02-08,08:13:46,revisado
1976-02-09,15:29:57,5.5,21.59,-106.61,48.0,"141 km al SUROESTE de TUXPAN, NAY",1976-02-09,21:29:57,revisado
1976-06-07,08:26:42,6.5,17.406,-100.682,57.0,"21 km al NOROESTE de TECPAN, GRO",1976-06-07,14:26:42,revisado
1976-09-05,14:11:40,5.5,18.64,-100.93,61.0,"4 km al NOROESTE de HUETAMO, MICH",1976-09-05,20:11:40,revisado
1976-09-19,14:58:05,5.5,18.0,-100.58,42.0,"41 km al SUR de CD ALTAMIRANO, GRO",1976-09-19,20:58:05,revisado
1976-12-07,06:59:56,5.5,31.98,-114.78,8.0,"46 km al SURESTE de GPE VICTORIA(KM.43), BC",1976-12-07,12:59:56,revisado
1977-08-19,20:46:11,5.7,16.61,-86.85,14.0,"260 km al SURESTE de CHETUMAL, QR",1977-08-20,02:46:11,revisado
1977-08-19,21:51:54,5.9,16.7,-86.61,36.0,"269 km al SURESTE de CHETUMAL, QR",1977-08-20,03:51:54,revisado
1977-09-21,07:15:57,5.7,20.03,-109.15,33.0,"326 km al SUR de CABO SAN LUCAS, BCS",1977-09-21,13:15:57,revisado
1978-03-18,19:39:16,6.6,17.036,-99.745,44.0,"24 km al NORESTE de ACAPULCO, GRO",1978-03-19,01:39:16,revisado
1978-05-05,15:03:15,5.5,32.22,-115.32,5.0,"22 km al SUROESTE de GPE VICTORIA(KM.43), BC",1978-05-05,21:03:15,revisado
1978-08-18,09:35:31,5.5,15.13,-92.51,33.0,"5 km al OESTE de HUIXTLA, CHIS",1978-08-18,15:35:31,revisado
1978-11-29,13:52:50,7.6,16.013,-96.586,23.0,"32 km al NOROESTE de S PEDRO POCHUTLA, OAX",1978-11-29,19:52:50,revisado
1978-11-29,14:49:48,5.7,16.19,-96.63,22.0,"16 km al SUR de MIAHUATLAN, OAX",1978-11-29,20:49:48,revisado
1979-01-10,07:24:15,5.7,16.49,-93.99,116.0,"30 km al NOROESTE de ARRIAGA , CHIS",1979-01-10,13:24:15,revisado
1979-01-26,04:04:31,6.6,17.397,-100.895,23.0,"34 km al NOROESTE de TECPAN, GRO",1979-01-26,10:04:31,revisado
1979-01-26,11:10:31,6.0,17.0,-101.99,33.0,"85 km al SUROESTE de ZIHUATANEJO, GRO",1979-01-26,17:10:31,revisado
1979-01-26,14:17:33,5.5,17.2,-101.23,13.0,"38 km al SUR de PETATLAN, GRO",1979-01-26,20:17:33,revisado
1979-02-22,16:53:21,5.5,27.59,-112.41,33.0,"31 km al NOROESTE de SANTA ROSALIA, BCS",1979-02-22,22:53:21,revisado
1979-03-14,05:07:15,7.4,17.75,-101.263,25.0,"24 km al NORTE de PETATLAN, GRO",1979-03-14,11:07:15,revisado
1979-03-18,14:12:35,6.0,17.58,-100.83,36.0,"45 km al NOROESTE de TECPAN, GRO",1979-03-18,20:12:35,revisado
1979-03-22,06:23:06,5.5,17.37,-102.14,33.0,"65 km al SUR de CD LAZARO CARDENAS, MICH",1979-03-22,12:23:06,revisado
1979-04-30,00:00:52,5.6,17.04,-102.08,36.0,"87 km al SUROESTE de ZIHUATANEJO, GRO",1979-04-30,06:00:52,revisado
1979-06-04,00:26:43,5.6,15.48,-93.9,33.0,"69 km al SUR de TONALA, CHIS",1979-06-04,06:26:43,revisado
1979-06-22,00:30:57,6.9,17.014,-94.605,115.0,"49 km al NORESTE de MATIAS ROMERO, OAX",1979-06-22,06:30:57,revisado
1979-10-01,08:14:16,6.0,15.67,-92.93,100.0,"26 km al NORTE de MAPASTEPEC, CHIS",1979-10-01,14:14:16,revisado
1979-10-21,23:42:13,5.7,15.36,-99.75,33.0,"163 km al SUR de SAN MARCOS, GRO",1979-10-22,05:42:13,revisado
1980-06-06,21:51:36,5.5,16.24,-98.29,33.0,"28 km al SUROESTE de PINOTEPA NACIONAL, OAX",1980-06-07,03:51:36,revisado
1980-06-08,21:28:18,6.4,32.22,-114.99,5.0,"13 km al SURESTE de GPE VICTORIA(KM.43), BC",1980-06-09,03:28:18,revisado
1980-07-19,18:24:04,5.5,16.35,-91.95,64.0,"5 km al NORESTE de LAS MARGARITAS, CHIS",1980-07-20,00:24:04,revisado
1980-08-08,23:45:11,6.5,15.879,-88.505,24.0,"291 km al SUR de CHETUMAL, QR",1980-08-09,05:45:11,revisado
1980-10-24,08:53:36,7.1,18.174,-98.222,65.0,"19 km al OESTE de ACATLAN DE OSORIO, PUE",1980-10-24,14:53:36,revisado
1980-11-01,16:52:22,6.1,19.09,-107.33,33.0,"277 km al SUROESTE de PUERTO VALLARTA, JAL",1980-11-01,22:52:22,revisado
1981-01-01,11:29:49,5.5,15.83,-99.09,33.0,"111 km al SURESTE de SAN MARCOS, GRO",1981-01-01,17:29:49,revisado
1981-01-15,19:14:57,5.6,15.35,-93.41,33.0,"43 km al SUROESTE de PIJIJIAPAN, CHIS",1981-01-16,01:14:57,revisado
1981-06-01,09:12:46,6.0,18.73,-107.03,33.0,"266 km al OESTE de CIHUATLAN, JAL",1981-06-01,15:12:46,revisado
1981-07-25,23:14:21,6.5,17.79,-102.01,21.0,"28 km al SURESTE de CD LAZARO CARDENAS, MICH",1981-07-26,05:14:21,revisado
1981-10-24,21:22:16,7.3,18.088,-102.061,21.0,"18 km al NORESTE de LAS GUACAMAYAS, MICH",1981-10-25,03:22:16,revisado
1981-11-01,17:18:41,5.5,17.96,-101.31,33.0,"43 km al NORESTE de ZIHUATANEJO, GRO",1981-11-01,23:18:41,revisado
1982-01-01,21:30:41,6.1,15.93,-100.88,25.0,"145 km al SUR de TECPAN, GRO",1982-01-02,03:30:41,revisado
1982-01-02,01:05:50,6.0,16.44,-100.29,33.0,"63 km al SUROESTE de ACAPULCO, GRO",1982-01-02,07:05:50,revisado
1982-02-07,13:18:17,5.6,29.03,-113.03,9.0,"153 km al OESTE de M ALEMAN(LA DOCE), SON",1982-02-07,19:18:17,revisado
1982-06-07,00:52:33,6.9,16.424,-98.253,6.0,"23 km al NOROESTE de PINOTEPA NACIONAL, OAX",1982-06-07,06:52:33,revisado
1982-06-07,04:59:40,7.0,16.516,-98.339,19.0,"20 km al SURESTE de OMETEPEC, GRO",1982-06-07,10:59:40,revisado
1982-06-19,00:24:20,5.9,16.0,-95.1,5.0,"23 km al SURESTE de SALINA CRUZ, OAX",1982-06-19,06:24:20,revisado
1982-12-14,08:11:51,5.7,16.46,-98.51,16.0,"27 km al SUROESTE de OMETEPEC, GRO",1982-12-14,14:11:51,revisado
1983-01-24,02:17:40,6.8,16.165,-95.206,50.0,"2 km al SUROESTE de SALINA CRUZ, OAX",1983-01-24,08:17:40,revisado
1983-01-24,07:04:07,5.5,15.32,-95.43,33.0,"90 km al SURESTE de CRUCECITA, OAX",1983-01-24,13:04:07,revisado
1983-02-05,17:41:01,5.5,15.65,-95.5,15.0,"67 km al SUROESTE de SALINA CRUZ, OAX",1983-02-05,23:41:01,revisado
1983-02-07,05:54:44,5.5,16.45,-98.53,33.0,"29 km al SUROESTE de OMETEPEC, GRO",1983-02-07,11:54:44,revisado
1983-05-07,01:00:02,5.5,15.87,-95.44,25.0,"43 km al SUROESTE de SALINA CRUZ, OAX",1983-05-07,07:00:02,revisado
1983-05-08,09:05:08,5.8,20.0,-109.34,9.0,"325 km al SUR de CABO SAN LUCAS, BCS",1983-05-08,15:05:08,revisado
1983-05-09,14:09:15,6.2,19.98,-109.45,9.0,"326 km al SUR de CABO SAN LUCAS, BCS",1983-05-09,20:09:15,revisado
1983-05-13,23:52:42,5.5,15.52,-93.94,33.0,"66 km al SUROESTE de TONALA, CHIS",1983-05-14,05:52:42,revisado
1983-05-27,00:26:31,5.5,16.14,-100.61,33.0,"111 km al SUROESTE de COYUCA DE BENITEZ, GRO",1983-05-27,06:26:31,revisado
1983-07-11,21:39:27,5.5,23.89,-108.36,9.0,"112 km al SUROESTE de ELDORADO, SIN",1983-07-12,03:39:27,revisado
1983-08-05,20:26:49,5.6,16.0,-94.09,61.0,"33 km al SUROESTE de ARRIAGA , CHIS",1983-08-06,02:26:49,revisado
1983-09-15,04:39:02,5.7,15.97,-93.44,122.0,"35 km al SUROESTE de VILLAFLORES, CHIS",1983-09-15,10:39:02,revisado
1983-12-08,04:21:58,5.5,18.3,-102.42,67.0,"31 km al NOROESTE de LA MIRA, MICH",1983-12-08,10:21:58,revisado
1984-02-10,10:51:21,6.2,28.33,-112.08,9.0,"82 km al SUROESTE de M ALEMAN(LA DOCE), SON",1984-02-10,16:51:21,revisado
1984-02-17,14:33:41,5.5,20.5,-109.23,9.0,"274 km al SUR de CABO SAN LUCAS, BCS",1984-02-17,20:33:41,revisado
1984-07-01,22:50:32,6.0,15.84,-99.03,33.0,"112 km al SURESTE de SAN MARCOS, GRO",1984-07-02,04:50:32,revisado
1984-10-05,03:48:44,5.5,20.1,-116.01,9.0,"702 km al SUROESTE de CABO SAN LUCAS, BCS",1984-10-05,09:48:44,revisado
1984-12-02,00:09:44,6.2,20.36,-115.76,9.0,"666 km al SUROESTE de CD CONSTITUCION, BCS",1984-12-02,06:09:44,revisado
1984-12-19,02:49:59,5.6,15.59,-94.26,60.0,"77 km al SUROESTE de TONALA, CHIS",1984-12-19,08:49:59,revisado
1985-06-12,05:03:08,5.6,15.98,-94.18,33.0,"41 km al SUROESTE de ARRIAGA , CHIS",1985-06-12,11:03:08,revisado
1985-09-15,01:57:53,5.9,17.75,-97.28,56.0,"16 km al SURESTE de TEPELMEME, OAX",1985-09-15,07:57:53,revisado
1985-09-19,07:17:49,8.1,18.419,-102.468,15.0,"45 km al NOROESTE de LA MIRA, MICH",1985-09-19,13:17:49,revisado
1985-09-20,19:37:14,7.6,17.828,-101.681,17.0,"25 km al NOROESTE de ZIHUATANEJO, GRO",1985-09-21,01:37:14,revisado
1985-10-29,09:02:25,5.6,17.79,-102.58,16.0,"38 km al SUROESTE de LA MIRA, MICH",1985-10-29,15:02:25,revisado
1986-02-07,15:26:46,5.7,17.4,-102.03,33.0,"58 km al SUROESTE de ZIHUATANEJO, GRO",1986-02-07,21:26:46,revisado
1986-03-24,13:43:23,5.7,18.01,-113.44,9.0,"653 km al SUROESTE de CABO SAN LUCAS, BCS",1986-03-24,19:43:23,revisado
1986-04-07,16:43:34,5.8,15.91,-94.5,25.0,"72 km al SURESTE de UNION HIDALGO, OAX",1986-04-07,22:43:34,revisado
1986-04-30,01:07:19,7.0,18.361,-103.045,22.0,"48 km al SUR de COALCOMAN, MICH",1986-04-30,07:07:19,revisado
1986-06-11,17:14:34,5.8,15.14,-93.51,33.0,"69 km al SUROESTE de PIJIJIAPAN, CHIS",1986-06-11,23:14:34,revisado
1986-07-13,03:12:15,6.0,16.08,-94.2,90.0,"36 km al SUROESTE de ARRIAGA , CHIS",1986-07-13,09:12:15,revisado
1986-09-25,00:15:47,5.7,22.88,-108.83,5.0,"92 km al ESTE de SAN JOSE DEL CABO, BCS",1986-09-25,06:15:47,revisado
1986-11-04,14:38:46,5.5,15.94,-97.66,33.0,"25 km al SUROESTE de RIO GRANDE, OAX",1986-11-04,20:38:46,revisado
1987-02-02,13:22:05,5.5,16.37,-98.56,33.0,"38 km al SUROESTE de OMETEPEC, GRO",1987-02-02,19:22:05,revisado
1987-07-15,01:16:13,6.0,17.39,-97.26,68.0,"46 km al NORESTE de H TLAXIACO, OAX",1987-07-15,07:16:13,revisado
1987-11-14,16:16:09,5.5,19.76,-108.96,50.0,"360 km al SURESTE de CABO SAN LUCAS, BCS",1987-11-14,22:16:09,revisado
1987-11-14,16:23:01,5.9,19.68,-108.99,52.0,"368 km al SUR de CABO SAN LUCAS, BCS",1987-11-14,22:23:01,revisado
1988-02-08,07:51:31,5.5,17.4,-101.22,10.0,"16 km al SURESTE de PETATLAN, GRO",1988-02-08,13:51:31,revisado
1988-06-18,16:49:44,6.6,26.813,-110.988,12.0,"95 km al NORESTE de LORETO, BCS",1988-06-18,22:49:44,revisado
1988-08-03,11:30:11,5.9,18.73,-106.62,16.0,"224 km al OESTE de CIHUATLAN, JAL",1988-08-03,17:30:11,revisado
1988-08-03,11:50:43,5.7,18.6,-106.38,20.0,"204 km al SUROESTE de CIHUATLAN, JAL",1988-08-03,17:50:43,revisado
1989-04-19,08:49:00,5.7,17.9,-105.23,20.0,"160 km al SUROESTE de MANZANILLO, COL",1989-04-19,14:49:00,revisado
1989-04-19,09:00:34,5.6,18.05,-105.35,20.0,"155 km al SUROESTE de CIHUATLAN, JAL",1989-04-19,15:00:34,revisado
1989-04-25,08:29:03,6.8,16.795,-99.275,23.0,"12 km al ESTE de SAN MARCOS, GRO",1989-04-25,14:29:03,revisado
1989-04-27,20:34:38,5.5,18.19,-104.4,6.0,"94 km al SUROESTE de CD DE ARMERIA, COL",1989-04-28,02:34:38,revisado
1989-08-12,09:31:50,5.5,18.12,-101.03,15.0,"47 km al SUROESTE de CD ALTAMIRANO, GRO",1989-08-12,15:31:50,revisado
1989-08-28,22:16:26,6.5,18.016,-105.674,27.0,"179 km al SUROESTE de CIHUATLAN, JAL",1989-08-29,04:16:26,revisado
1989-09-16,17:20:56,5.9,16.21,-94.01,93.0,"12 km al OESTE de ARRIAGA , CHIS",1989-09-16,23:20:56,revisado
1990-01-05,12:26:56,5.8,18.71,-107.03,10.0,"266 km al OESTE de CIHUATLAN, JAL",1990-01-05,18:26:56,revisado
1990-03-16,09:52:44,6.1,24.93,-109.1,20.0,"94 km al SUROESTE de G LEYVA SOLANO (BENITO JUAREZ), SIN",1990-03-16,15:52:44,revisado
1990-05-31,01:35:30,5.8,17.14,-100.86,27.0,"26 km al SUROESTE de TECPAN, GRO",1990-05-31,07:35:30,revisado
1990-12-30,15:30:32,5.9,18.95,-107.02,34.0,"260 km al OESTE de CIHUATLAN, JAL",1990-12-30,21:30:32,revisado
1990-12-31,18:06:36,6.2,18.54,-105.77,10.0,"149 km al SUROESTE de CIHUATLAN, JAL",1991-01-01,00:06:36,revisado
1990-12-31,21:19:36,5.5,18.14,-105.95,12.0,"190 km al SUROESTE de CIHUATLAN, JAL",1991-01-01,03:19:36,revisado
1991-02-14,10:37:22,5.5,29.72,-113.82,10.0,"175 km al SURESTE de SAN FELIPE, BC",1991-02-14,16:37:22,revisado
1991-03-31,23:03:58,5.5,22.31,-107.04,10.0,"121 km al SUROESTE de MAZATLAN, SIN",1991-04-01,05:03:58,revisado
1991-04-01,01:34:45,5.5,16.05,-98.38,5.0,"48 km al SUROESTE de PINOTEPA NACIONAL, OAX",1991-04-01,07:34:45,revisado
1991-06-21,18:30:26,6.1,23.99,-108.49,10.0,"117 km al SUROESTE de NAVOLATO, SIN",1991-06-22,00:30:26,revisado
1991-06-27,13:42:41,5.6,24.41,-108.23,10.0,"66 km al SUROESTE de NAVOLATO, SIN",1991-06-27,19:42:41,revisado
1991-11-11,11:45:53,5.7,17.55,-105.76,5.0,"225 km al SUROESTE de CIHUATLAN, JAL",1991-11-11,17:45:53,revisado
1993-03-05,02:20:55,5.8,28.71,-113.11,10.0,"125 km al NORESTE de GUERRERO NEGRO, BCS",1993-03-05,08:20:55,revisado
1993-05-14,21:09:39,5.8,16.43,-98.74,20.0,"45 km al SUROESTE de OMETEPEC, GRO",1993-05-15,03:09:39,revisado
1993-05-14,21:11:56,6.0,16.47,-98.72,15.0,"41 km al SUROESTE de OMETEPEC, GRO",1993-05-15,03:11:56,revisado
1993-10-24,01:52:19,6.6,16.767,-98.767,30.0,"40 km al OESTE de OMETEPEC, GRO",1993-10-24,07:52:19,revisado
1993-11-12,18:16:44,5.8,15.63,-99.02,15.0,"130 km al SUROESTE de PINOTEPA NACIONAL, OAX",1993-11-13,00:16:44,revisado
1994-03-14,14:51:26,6.8,15.984,-92.432,160.0,"42 km al SURESTE de VENUSTIANO CARRANZA, CHIS",1994-03-14,20:51:26,revisado
1994-05-22,19:41:44,5.8,17.97,-100.67,20.0,"43 km al SUR de CD ALTAMIRANO, GRO",1994-05-23,01:41:44,revisado
1994-10-28,03:11:32,5.6,15.42,-102.9,5.0,"285 km al SUROESTE de ZIHUATANEJO, GRO",1994-10-28,09:11:32,revisado
1994-12-10,10:17:40,6.6,17.98,-101.52,53.0,"37 km al NORTE de ZIHUATANEJO, GRO",1994-12-10,16:17:40,revisado
1995-06-30,05:58:56,6.3,24.62,-110.26,10.0,"53 km al NORTE de LA PAZ, BCS",1995-06-30,11:58:56,revisado
1995-06-30,07:41:42,5.8,24.38,-110.25,10.0,"27 km al NORTE de LA PAZ, BCS",1995-06-30,13:41:42,revisado
1995-08-28,04:46:12,6.5,26.16,-110.35,10.0,"101 km al ESTE de LORETO, BCS",1995-08-28,10:46:12,revisado
1995-09-14,08:04:33,7.3,16.752,-98.667,21.0,"29 km al NOROESTE de OMETEPEC, GRO",1995-09-14,14:04:33,revisado
1995-10-09,09:35:54,8.0,18.993,-104.245,25.0,"10 km al SURESTE de MANZANILLO, COL",1995-10-09,15:35:54,revisado
1995-10-12,10:53:04,6.1,19.04,-103.7,11.0,"21 km al SURESTE de COQUIMATLAN, COL",1995-10-12,16:53:04,revisado
1995-10-20,20:38:58,7.1,16.811,-93.474,160.0,"12 km al NOROESTE de OCOZOCOAUTLA, CHIS",1995-10-21,02:38:58,revisado
1995-12-11,08:09:24,6.2,18.96,-105.63,16.0,"116 km al SUROESTE de CIHUATLAN, JAL",1995-12-11,14:09:24,revisado
1995-12-11,13:11:42,5.7,18.94,-105.64,72.0,"118 km al SUROESTE de CIHUATLAN, JAL",1995-12-11,19:11:42,revisado
1995-12-11,13:44:10,6.0,18.73,-105.74,21.0,"136 km al SUROESTE de CIHUATLAN, JAL",1995-12-11,19:44:10,revisado
1996-02-24,21:08:19,7.1,15.88,-97.98,15.0,"52 km al SUR de PINOTEPA NACIONAL, OAX",1996-02-25,03:08:19,revisado
1996-02-25,03:17:57,5.6,15.86,-98.13,17.0,"54 km al SUR de PINOTEPA NACIONAL, OAX",1996-02-25,09:17:57,revisado
1996-02-25,19:37:32,5.7,15.77,-97.92,14.0,"58 km al SUROESTE de RIO GRANDE, OAX",1996-02-26,01:37:32,revisado
1996-03-19,11:12:39,6.0,15.49,-97.55,15.0,"59 km al SUR de RIO GRANDE, OAX",1996-03-19,17:12:39,revisado
1996-03-27,06:34:48,5.5,16.21,-98.25,7.0,"26 km al SUROESTE de PINOTEPA NACIONAL, OAX",1996-03-27,12:34:48,revisado
1996-04-23,01:53:35,5.6,17.11,-101.6,17.0,"59 km al SUROESTE de PETATLAN, GRO",1996-04-23,06:53:35,revisado
1996-07-15,16:23:34,6.6,17.5,-101.12,22.0,"17 km al ESTE de PETATLAN, GRO",1996-07-15,21:23:34,revisado
1996-12-31,06:41:44,5.6,15.61,-93.61,5.0,"44 km al OESTE de PIJIJIAPAN, CHIS",1996-12-31,12:41:44,revisado
1997-01-11,14:28:26,7.1,18.34,-102.58,40.0,"43 km al NOROESTE de LA MIRA, MICH",1997-01-11,20:28:26,revisado
1997-01-16,15:41:10,5.6,17.94,-102.76,25.0,"47 km al OESTE de LA MIRA, MICH",1997-01-16,21:41:10,revisado
1997-01-21,15:19:58,5.6,16.44,-98.15,18.0,"15 km al NOROESTE de PINOTEPA NACIONAL, OAX",1997-01-21,21:19:58,revisado
1997-05-01,06:37:36,6.9,18.96,-107.15,15.0,"272 km al SUROESTE de PUERTO VALLARTA, JAL",1997-05-01,11:37:36,revisado
1997-05-22,02:50:55,6.0,18.41,-101.81,59.0,"61 km al NORESTE de LAS GUACAMAYAS, MICH",1997-05-22,07:50:55,revisado
1997-07-19,09:22:09,6.7,15.86,-98.26,15.0,"58 km al SUROESTE de PINOTEPA NACIONAL, OAX",1997-07-19,14:22:09,revisado
1997-07-28,05:09:02,5.6,25.6,-109.36,20.0,"40 km al SUROESTE de AHOME, SIN",1997-07-28,10:09:02,revisado
1997-11-26,09:38:54,5.5,29.7,-113.88,10.0,"173 km al SURESTE de SAN FELIPE, BC",1997-11-26,15:38:54,revisado
1997-12-16,05:48:29,6.0,15.7,-99.04,16.0,"127 km al SURESTE de SAN MARCOS, GRO",1997-12-16,11:48:29,revisado
1997-12-21,23:22:07,5.5,17.14,-101.24,5.0,"44 km al SUR de PETATLAN, GRO",1997-12-22,05:22:07,revisado
1998-02-02,21:02:01,6.4,15.69,-96.37,33.0,"12 km al SURESTE de S PEDRO POCHUTLA, OAX",1998-02-03,03:02:01,revisado
1998-04-20,17:59:17,5.9,18.37,-101.21,66.0,"44 km al SUROESTE de HUETAMO, MICH",1998-04-20,22:59:17,revisado
1998-06-07,18:20:16,6.2,15.82,-94.07,16.0,"45 km al SUROESTE de TONALA, CHIS",1998-06-07,23:20:16,revisado
1998-07-07,15:01:35,5.6,23.9,-108.47,16.0,"121 km al SUROESTE de ELDORADO, SIN",1998-07-07,20:01:35,revisado
1998-11-05,08:47:04,5.5,23.36,-109.0,36.0,"80 km al NORESTE de SAN JOSE DEL CABO, BCS",1998-11-05,14:47:04,revisado
1999-06-15,15:42:04,7.0,18.133,-97.539,63.0,"29 km al SUROESTE de S GABRIEL CHILAC, PUE",1999-06-15,20:42:04,revisado
1999-06-21,12:43:05,6.2,17.99,-101.72,54.0,"42 km al NOROESTE de ZIHUATANEJO, GRO",1999-06-21,17:43:05,revisado
1999-09-30,11:31:13,7.4,16.056,-97.004,39.0,"22 km al NORESTE de PUERTO ESCONDIDO, OAX",1999-09-30,16:31:13,revisado
1999-11-21,00:45:45,5.6,20.36,-109.71,10.0,"281 km al SUR de CABO SAN LUCAS, BCS",1999-11-21,06:45:45,revisado
1999-12-28,23:19:46,6.1,18.02,-101.68,82.0,"44 km al NOROESTE de ZIHUATANEJO, GRO",1999-12-29,05:19:46,revisado
2000-02-21,10:29:40,5.6,18.76,-107.05,13.0,"267 km al OESTE de CIHUATLAN, JAL",2000-02-21,16:29:40,revisado
2000-07-21,01:13:39,6.0,18.09,-98.97,48.0,"45 km al SUROESTE de CHIAUTLA DE TAPIA, PUE",2000-07-21,06:13:39,revisado
2000-08-09,06:41:47,7.0,17.99,-102.66,16.0,"35 km al OESTE de LA MIRA, MICH",2000-08-09,11:41:47,revisado
2000-10-17,15:00:41,5.8,15.38,-92.51,168.0,"27 km al NORTE de HUIXTLA, CHIS",2000-10-17,20:00:41,revisado
2000-12-08,10:56:13,5.5,22.83,-108.35,15.0,"142 km al ESTE de SAN JOSE DEL CABO, BCS",2000-12-08,16:56:13,revisado
2001-01-08,19:46:14,6.1,15.34,-93.24,66.0,"38 km al SUR de PIJIJIAPAN, CHIS",2001-01-09,01:46:14,revisado
2001-04-29,15:26:56,6.2,18.51,-104.71,10.0,"73 km al SUROESTE de MANZANILLO, COL",2001-04-29,21:26:56,revisado
2001-05-19,23:21:37,6.5,18.64,-105.12,12.0,"88 km al SUROESTE de CIHUATLAN, JAL",2001-05-20,04:21:37,revisado
2001-05-29,13:47:56,5.5,19.34,-108.96,38.0,"405 km al SUR de CABO SAN LUCAS, BCS",2001-05-29,18:47:56,revisado
2001-08-28,13:17:37,5.5,15.96,-94.14,43.0,"40 km al SUROESTE de ARRIAGA , CHIS",2001-08-28,18:17:37,revisado
2001-10-07,21:39:19,6.1,16.94,-100.14,4.0,"9 km al SUROESTE de COYUCA DE BENITEZ, GRO",2001-10-08,03:39:19,revisado
2001-11-10,11:09:13,5.9,15.96,-98.17,9.0,"44 km al SUROESTE de PINOTEPA NACIONAL, OAX",2001-11-10,17:09:13,revisado
2001-11-13,03:47:34,5.8,22.31,-107.12,16.0,"125 km al SUROESTE de MAZATLAN, SIN",2001-11-13,09:47:34,revisado
2001-11-28,08:32:36,6.4,15.41,-93.64,36.0,"55 km al SUROESTE de PIJIJIAPAN, CHIS",2001-11-28,14:32:36,revisado
2001-12-08,17:36:10,5.7,32.04,-114.91,10.0,"33 km al SURESTE de GPE VICTORIA(KM.43), BC",2001-12-08,23:36:10,revisado
2002-01-16,17:09:55,6.7,15.43,-93.55,76.0,"46 km al SUROESTE de PIJIJIAPAN, CHIS",2002-01-16,23:09:55,revisado
2002-01-30,02:42:04,5.6,18.1,-95.97,109.0,"9 km al OESTE de LOMA BONITA, OAX",2002-01-30,08:42:04,revisado
2002-02-22,13:32:44,5.5,32.2,-115.14,5.0,"10 km al SUROESTE de GPE VICTORIA(KM.43), BC",2002-02-22,19:32:44,revisado
2002-04-18,00:02:45,6.5,16.77,-101.12,22.0,"72 km al SUROESTE de TECPAN, GRO",2002-04-18,05:02:45,revisado
2002-04-18,12:57:19,6.0,16.66,-101.89,12.0,"115 km al SUROESTE de ZIHUATANEJO, GRO",2002-04-18,17:57:19,revisado
2002-04-18,13:00:38,5.5,16.84,-101.62,16.0,"85 km al SUROESTE de PETATLAN, GRO",2002-04-18,18:00:38,revisado
2002-06-07,12:00:52,5.6,15.91,-96.97,23.0,"12 km al NORESTE de PUERTO ESCONDIDO, OAX",2002-06-07,17:00:52,revisado
2002-06-19,16:50:08,5.5,16.24,-98.09,8.0,"12 km al SUROESTE de PINOTEPA NACIONAL, OAX",2002-06-19,21:50:08,revisado
2002-10-03,11:08:28,6.2,23.22,-108.73,35.0,"102 km al ESTE de SAN JOSE DEL CABO, BCS",2002-10-03,16:08:28,revisado
2002-10-11,09:41:23,5.8,15.37,-96.04,8.0,"45 km al SUR de CRUCECITA, OAX",2002-10-11,14:41:23,revisado
2002-12-09,21:09:35,5.5,17.41,-101.26,29.0,"14 km al SUR de PETATLAN, GRO",2002-12-10,03:09:35,revisado
2003-01-21,20:06:34,7.6,18.6,-104.22,9.0,"46 km al SUROESTE de CD DE ARMERIA, COL",2003-01-22,02:06:34,revisado
2003-01-22,13:41:42,5.8,18.74,-104.55,16.0,"42 km al SUROESTE de MANZANILLO, COL",2003-01-22,19:41:42,revisado
2003-02-01,10:30:59,5.8,16.51,-93.23,216.0,"20 km al SUROESTE de SUCHIAPA, CHIS",2003-02-01,16:30:59,revisado
2003-02-16,22:41:57,5.5,18.81,-105.14,16.0,"77 km al SUROESTE de CIHUATLAN, JAL",2003-02-17,04:41:57,revisado
2003-03-12,17:41:42,6.5,26.51,-110.04,12.0,"53 km al SUROESTE de HUATABAMPO, SON",2003-03-12,23:41:42,revisado
2003-05-19,11:27:11,6.2,17.72,-105.7,10.0,"206 km al SUROESTE de CIHUATLAN, JAL",2003-05-19,16:27:11,revisado
2003-08-25,18:25:03,5.5,18.73,-106.69,16.0,"231 km al OESTE de CIHUATLAN, JAL",2003-08-25,23:25:03,revisado
2003-11-11,22:54:59,5.9,29.41,-113.61,16.0,"167 km al NORESTE de GUERRERO NEGRO, BCS",2003-11-12,04:54:59,revisado
2004-01-01,17:31:49,6.3,17.34,-101.42,6.0,"27 km al SUROESTE de PETATLAN, GRO",2004-01-01,23:31:49,revisado
2004-01-01,17:58:02,5.8,17.3,-101.36,14.0,"28 km al SUROESTE de PETATLAN, GRO",2004-01-01,23:58:02,revisado
2004-01-13,15:28:58,5.7,15.99,-97.15,16.0,"17 km al NOROESTE de PUERTO ESCONDIDO, OAX",2004-01-13,21:28:58,revisado
2004-02-18,04:59:20,5.7,24.02,-108.83,16.0,"139 km al NORESTE de SAN JOSE DEL CABO, BCS",2004-02-18,10:59:20,revisado
2004-06-14,17:54:21,6.4,16.22,-98.16,10.0,"18 km al SUROESTE de PINOTEPA NACIONAL, OAX",2004-06-14,22:54:21,revisado
2004-08-07,06:49:12,5.9,17.05,-95.43,110.0,"46 km al NOROESTE de MATIAS ROMERO, OAX",2004-08-07,11:49:12,revisado
2004-08-18,04:03:10,5.7,16.24,-95.15,51.0,"8 km al NORESTE de SALINA CRUZ, OAX",2004-08-18,09:03:10,revisado
2004-09-24,09:43:18,5.6,28.44,-112.81,35.0,"133 km al NOROESTE de SANTA ROSALIA, BCS",2004-09-24,14:43:18,revisado
2005-02-27,19:05:59,5.6,18.76,-104.6,7.0,"44 km al SUROESTE de MANZANILLO, COL",2005-02-28,01:05:59,revisado
2005-05-08,12:07:35,5.9,20.71,-109.36,20.0,"248 km al SUR de CABO SAN LUCAS, BCS",2005-05-08,17:07:35,revisado
2005-06-05,03:28:50,5.5,23.67,-108.66,7.0,"127 km al NORESTE de SAN JOSE DEL CABO, BCS",2005-06-05,08:28:50,revisado
2005-06-27,06:35:46,5.9,18.86,-107.26,20.0,"287 km al OESTE de CIHUATLAN, JAL",2005-06-27,11:35:46,revisado
2005-08-13,21:51:58,5.8,15.99,-98.4,15.0,"54 km al SUROESTE de PINOTEPA NACIONAL, OAX",2005-08-14,02:51:58,revisado
2006-01-04,02:32:37,6.6,28.38,-112.51,15.0,"113 km al SUROESTE de M ALEMAN(LA DOCE), SON",2006-01-04,08:32:37,revisado
2006-04-03,21:30:27,5.6,18.88,-106.86,13.0,"245 km al OESTE de CIHUATLAN, JAL",2006-04-04,02:30:27,revisado
2006-09-10,09:56:09,5.7,26.25,-87.26,10.0,"555 km al NORTE de ISLA MUJERES, QR",2006-09-10,14:56:09,revisado
2006-11-19,00:59:03,5.6,18.33,-104.36,13.0,"79 km al SUROESTE de CD DE ARMERIA, COL",2006-11-19,06:59:03,revisado
2007-03-12,20:58:58,5.8,26.45,-110.94,19.0,"63 km al NORESTE de LORETO, BCS",2007-03-13,02:58:58,revisado
2007-04-13,00:42:23,5.6,17.13,-100.38,34.0,"10 km al SURESTE de ATOYAC DE ALVAREZ, GRO",2007-04-13,05:42:23,revisado
2007-07-05,20:09:21,6.2,16.32,-94.02,94.0,"16 km al NOROESTE de ARRIAGA , CHIS",2007-07-06,01:09:21,revisado
2007-09-01,14:14:20,6.3,24.91,-109.97,2.0,"92 km al NORESTE de LA PAZ, BCS",2007-09-01,19:14:20,revisado
2007-11-06,00:35:40,5.6,16.93,-100.11,3.0,"9 km al SUROESTE de COYUCA DE BENITEZ, GRO",2007-11-06,06:35:40,revisado
2007-11-26,11:41:40,5.6,15.28,-93.36,87.0,"48 km al SUROESTE de PIJIJIAPAN, CHIS",2007-11-26,17:41:40,revisado
2007-11-26,15:56:12,5.6,18.65,-101.7,54.0,"59 km al SURESTE de NUEVA ITALIA, MICH",2007-11-26,21:56:12,revisado
2008-02-12,06:50:18,6.5,16.19,-94.56,96.0,"43 km al SURESTE de UNION HIDALGO, OAX",2008-02-12,12:50:18,revisado
2008-09-23,21:33:04,6.4,17.64,-105.61,16.0,"208 km al SUROESTE de MANZANILLO, COL",2008-09-24,02:33:04,revisado
2009-01-05,04:59:30,5.5,23.82,-108.94,19.0,"115 km al NORESTE de SAN JOSE DEL CABO, BCS",2009-01-05,10:59:30,revisado
2009-04-27,11:46:27,5.7,16.88,-99.62,6.0,"26 km al NOROESTE de SAN MARCOS, GRO",2009-04-27,16:46:27,revisado
2009-05-22,14:24:18,5.7,18.11,-98.46,62.0,"26 km al SURESTE de CHIAUTLA DE TAPIA, PUE",2009-05-22,19:24:18,revisado
2009-06-03,16:37:37,5.6,19.72,-109.21,8.0,"358 km al SUR de CABO SAN LUCAS, BCS",2009-06-03,21:37:37,revisado
2009-08-03,12:59:56,6.5,28.85,-112.74,10.0,"123 km al OESTE de M ALEMAN(LA DOCE), SON",2009-08-03,17:59:56,revisado
2009-08-03,13:40:54,5.8,29.42,-113.5,10.0,"171 km al NORESTE de GUERRERO NEGRO, BCS",2009-08-03,18:40:54,revisado
2009-08-05,04:13:32,5.5,29.16,-112.17,23.0,"76 km al NOROESTE de M ALEMAN(LA DOCE), SON",2009-08-05,09:13:32,revisado
2009-09-18,13:46:07,5.6,19.2,-108.53,10.0,"379 km al SUROESTE de PUERTO VALLARTA, JAL",2009-09-18,18:46:07,revisado
2009-09-24,02:16:24,5.5,18.77,-107.01,20.0,"263 km al OESTE de CIHUATLAN, JAL",2009-09-24,07:16:24,revisado
2009-10-29,04:52:58,5.5,18.95,-95.69,20.0,"21 km al NORESTE de ALVARADO, VER",2009-10-29,10:52:58,revisado
2010-02-08,18:47:40,5.8,15.89,-96.86,40.0,"22 km al ESTE de PUERTO ESCONDIDO, OAX",2010-02-09,00:47:40,revisado
2010-02-23,04:52:15,5.5,15.93,-91.11,25.0,"102 km al SURESTE de LAS MARGARITAS, CHIS",2010-02-23,10:52:15,revisado
2010-06-30,02:22:27,6.0,16.24,-97.99,4.0,"13 km al SURESTE de PINOTEPA NACIONAL, OAX",2010-06-30,07:22:27,revisado
2010-08-23,21:11:55,6.1,18.44,-107.27,14.0,"299 km al SUROESTE de CIHUATLAN, JAL",2010-08-24,02:11:55,revisado
2010-09-14,18:32:01,5.5,21.49,-105.93,16.0,"78 km al SUROESTE de V HIDALGO(EL NUEVO), NAY",2010-09-14,23:32:01,revisado
2010-10-19,23:09:42,5.9,24.73,-109.23,10.0,"120 km al SUROESTE de G LEYVA SOLANO (BENITO JUAREZ), SIN",2010-10-20,04:09:42,revisado
2010-10-19,23:15:31,5.6,25.09,-109.23,10.0,"81 km al SUROESTE de LOS MOCHIS, SIN",2010-10-20,04:15:31,revisado
2010-10-20,01:58:12,5.8,24.67,-109.13,6.0,"120 km al SUROESTE de GUASAVE, SIN",2010-10-20,06:58:12,revisado
2010-10-21,12:53:11,6.5,24.65,-109.41,8.0,"107 km al NORESTE de LA PAZ, BCS",2010-10-21,17:53:11,revisado
2011-01-21,19:27:35,5.5,15.72,-104.15,10.0,"321 km al SUROESTE de LA MIRA, MICH",2011-01-22,01:27:35,revisado
2011-02-25,07:07:28,6.0,17.69,-95.21,135.0,"34 km al SUROESTE de SAYULA DE ALEMAN, VER",2011-02-25,13:07:28,revisado
2011-04-07,08:11:22,6.7,17.22,-94.32,171.0,"80 km al SUROESTE de LAS CHOAPAS, VER",2011-04-07,13:11:22,revisado
2011-04-26,06:07:28,5.5,16.71,-99.68,8.0,"29 km al SURESTE de ACAPULCO, GRO",2011-04-26,11:07:28,revisado
2011-05-05,08:24:07,5.5,16.61,-98.91,12.0,"54 km al OESTE de OMETEPEC, GRO",2011-05-05,13:24:07,revisado
2011-07-26,12:44:18,5.9,25.11,-109.64,13.0,"100 km al SUROESTE de LOS MOCHIS, SIN",2011-07-26,17:44:18,revisado
2011-11-01,06:31:58,6.2,19.74,-109.31,15.0,"354 km al SUR de CABO SAN LUCAS, BCS",2011-11-01,12:31:58,revisado
2011-12-10,19:47:25,6.5,17.84,-99.96,54.0,"50 km al NOROESTE de ZUMPANGO DEL RIO, GRO",2011-12-11,01:47:25,revisado
2012-03-20,12:02:48,7.5,16.264,-98.457,18.0,"46 km al SUR de OMETEPEC, GRO",2012-03-20,18:02:48,revisado
2012-04-02,12:36:43,6.0,16.2948,-98.544,12.0,"45 km al SUROESTE de OMETEPEC, GRO",2012-04-02,17:36:43,revisado
2012-04-11,17:55:10,6.4,17.9217,-103.068,20.0,"79 km al OESTE de LA MIRA, MICH",2012-04-11,22:55:10,revisado
2012-04-12,02:05:59,6.0,28.7955,-113.414,15.0,"112 km al NORESTE de GUERRERO NEGRO, BCS",2012-04-12,07:05:59,revisado
2012-04-12,02:15:46,6.8,28.8278,-113.164,5.0,"130 km al NORESTE de GUERRERO NEGRO, BCS",2012-04-12,07:15:46,revisado
2012-05-01,11:37:58,5.6,18.2507,-101.085,51.1,"46 km al SUROESTE de CD ALTAMIRANO, GRO",2012-05-01,16:37:58,revisado
2012-08-08,21:34:33,5.5,19.5848,-109.165,10.0,"374 km al SUR de CABO SAN LUCAS, BCS",2012-08-09,02:34:33,revisado
2012-09-25,18:45:25,6.0,24.777,-110.234,11.2,"71 km al NORTE de LA PAZ, BCS",2012-09-25,23:45:25,revisado
2012-09-29,02:11:10,5.5,15.8823,-98.6685,16.9,"83 km al SUROESTE de PINOTEPA NACIONAL, OAX",2012-09-29,07:11:10,revisado
2012-10-08,01:26:21,5.7,25.155,-109.689,10.0,"99 km al SUROESTE de AHOME, SIN",2012-10-08,06:26:21,revisado
2012-11-15,03:20:22,6.1,18.1832,-100.529,45.4,"24 km al SURESTE de CD ALTAMIRANO, GRO",2012-11-15,09:20:22,revisado
2013-01-13,10:28:25,5.5,25.913,-110.32,15.0,"103 km al ESTE de LORETO, BCS",2013-01-13,16:28:25,revisado
2013-02-20,15:23:09,5.6,18.5043,-103.989,3.2,"46 km al SUROESTE de TECOMAN, COL",2013-02-20,21:23:09,revisado
2013-03-26,07:04:47,5.5,15.8608,-98.433,5.3,"67 km al SUROESTE de PINOTEPA NACIONAL, OAX",2013-03-26,13:04:47,revisado
2013-04-21,20:16:34,5.9,17.8568,-102.28,40.5,"13 km al SUROESTE de CD LAZARO CARDENAS, MICH",2013-04-22,01:16:34,revisado
2013-06-16,00:19:02,5.8,18.113,-99.2283,55.1,"24 km al SURESTE de CD DE HUITZUCO, GRO",2013-06-16,05:19:02,revisado
2013-08-21,07:38:29,6.0,16.7527,-99.5812,5.0,"21 km al OESTE de SAN MARCOS, GRO",2013-08-21,12:38:29,revisado
2013-10-19,12:54:55,6.3,26.0867,-110.461,14.1,"89 km al ESTE de LORETO, BCS",2013-10-19,17:54:55,revisado
2014-03-09,18:37:57,5.8,15.8347,-98.477,4.8,"72 km al SUROESTE de PINOTEPA NACIONAL, OAX",2014-03-10,00:37:57,revisado
2014-03-21,18:58:12,5.6,30.3902,-114.084,17.1,"101 km al SURESTE de SAN FELIPE, BC",2014-03-22,00:58:12,revisado
2014-04-18,09:27:21,7.2,17.011,-101.46,18.0,"61 km al SUROESTE de PETATLAN, GRO",2014-04-18,14:27:21,revisado
2014-05-08,12:00:14,6.5,16.986,-100.916,10.0,"40 km al SUROESTE de TECPAN, GRO",2014-05-08,17:00:14,revisado
2014-05-10,02:36:00,6.1,17.036,-100.893,10.0,"35 km al SUROESTE de TECPAN, GRO",2014-05-10,07:36:00,revisado
2014-05-21,05:06:15,5.8,17.1215,-95.0733,120.3,"28 km al NORTE de MATIAS ROMERO, OAX",2014-05-21,10:06:15,revisado
2014-05-24,03:24:46,5.7,16.2002,-98.4073,4.5,"41 km al SUROESTE de PINOTEPA NACIONAL, OAX",2014-05-24,08:24:46,revisado
2014-05-31,06:53:49,6.2,18.9967,-107.33,10.0,"283 km al SUROESTE de PUERTO VALLARTA, JAL",2014-05-31,11:53:49,revisado
2014-07-29,05:46:15,6.4,17.6988,-95.6373,117.2,"38 km al SUROESTE de ISLA, VER",2014-07-29,10:46:15,revisado
2014-09-06,14:22:58,5.9,18.687,-106.952,10.0,"259 km al OESTE de CIHUATLAN, JAL",2014-09-06,19:22:58,revisado
2014-09-08,15:30:38,5.5,16.1178,-98.3397,8.0,"39 km al SUROESTE de PINOTEPA NACIONAL, OAX",2014-09-08,20:30:38,revisado
2014-10-04,14:16:36,5.6,17.4185,-94.822,145.8,"53 km al SURESTE de SAYULA DE ALEMAN, VER",2014-10-04,19:16:36,revisado
2014-10-07,21:40:49,6.1,23.6963,-108.755,10.0,"120 km al NORESTE de SAN JOSE DEL CABO, BCS",2014-10-08,02:40:49,revisado
2014-10-11,11:46:02,5.6,16.027,-95.6517,10.0,"52 km al SUROESTE de SALINA CRUZ, OAX",2014-10-11,16:46:02,revisado
2015-01-12,01:57:27,5.5,15.3885,-93.4002,86.4,"39 km al SUROESTE de PIJIJIAPAN, CHIS",2015-01-12,07:57:27,revisado
2015-02-12,09:50:56,5.5,19.1608,-105.91,15.0,"142 km al OESTE de CIHUATLAN, JAL",2015-02-12,15:50:56,revisado
2015-02-22,08:23:13,6.2,18.643,-106.955,16.0,"260 km al SUROESTE de CIHUATLAN, JAL",2015-02-22,14:23:13,revisado
2015-04-28,13:56:54,5.6,17.0213,-95.1868,112.9,"23 km al NOROESTE de MATIAS ROMERO, OAX",2015-04-28,18:56:54,revisado
2015-06-28,10:54:41,5.6,16.5138,-94.896,88.2,"8 km al NOROESTE de UNION HIDALGO, OAX",2015-06-28,15:54:41,revisado
2015-08-05,04:13:24,5.8,16.0297,-93.9455,89.0,"21 km al SUROESTE de TONALA, CHIS",2015-08-05,09:13:24,revisado
2015-09-13,02:57:35,5.6,24.972,-109.429,10.0,"101 km al SUROESTE de LOS MOCHIS, SIN",2015-09-13,07:57:35,revisado
2015-09-13,03:14:09,6.6,25.0352,-109.533,8.2,"100 km al SUROESTE de LOS MOCHIS, SIN",2015-09-13,08:14:09,revisado
2015-09-30,12:25:54,5.5,17.8388,-101.523,49.5,"22 km al NORTE de ZIHUATANEJO, GRO",2015-09-30,17:25:54,revisado
2015-11-23,14:41:22,5.6,16.8895,-98.8985,25.6,"53 km al ESTE de SAN MARCOS, GRO",2015-11-23,20:41:22,revisado
2015-12-17,13:49:54,6.6,15.7558,-93.7005,91.4,"37 km al SUR de TONALA, CHIS",2015-12-17,19:49:54,revisado
2016-01-21,12:06:58,6.5,18.8158,-106.977,10.0,"258 km al OESTE de CIHUATLAN, JAL",2016-01-21,18:06:58,revisado
2016-04-10,02:11:20,5.5,15.7297,-96.347,37.3,"13 km al ESTE de S PEDRO POCHUTLA, OAX",2016-04-10,07:11:20,revisado
2016-05-05,17:27:07,5.5,18.7077,-106.873,5.0,"250 km al OESTE de CIHUATLAN, JAL",2016-05-05,22:27:07,revisado
2016-05-06,19:18:35,5.6,18.3317,-105.4,5.0,"134 km al SUROESTE de CIHUATLAN, JAL",2016-05-07,00:18:35,revisado
2016-05-08,02:33:59,6.0,16.323,-97.8773,7.4,"19 km al ESTE de PINOTEPA NACIONAL, OAX",2016-05-08,07:33:59,revisado
2016-06-01,21:23:07,5.6,18.1385,-105.698,6.2,"171 km al SUROESTE de CIHUATLAN, JAL",2016-06-02,02:23:07,revisado
2016-06-07,05:51:36,6.1,18.2838,-105.306,8.7,"131 km al SUROESTE de CIHUATLAN, JAL",2016-06-07,10:51:36,revisado
2016-06-07,05:57:59,5.5,18.4083,-105.349,11.6,"124 km al SUROESTE de CIHUATLAN, JAL",2016-06-07,10:57:59,revisado
2016-06-27,15:50:31,5.7,16.208,-98.003,4.4,"16 km al SURESTE de PINOTEPA NACIONAL, OAX",2016-06-27,20:50:31,revisado
2016-10-23,17:59:29,5.6,18.821,-104.742,13.5,"50 km al SUROESTE de CIHUATLAN, JAL",2016-10-23,22:59:29,revisado
2017-03-29,09:15:24,5.5,25.7805,-110.102,13.4,"94 km al OESTE de AHOME, SIN",2017-03-29,15:15:24,revisado
2017-05-20,01:02:12,5.6,17.4888,-105.463,10.0,"211 km al SUROESTE de MANZANILLO, COL",2017-05-20,06:02:12,revisado
2017-05-20,12:58:47,5.7,17.0312,-94.2065,148.0,"64 km al NOROESTE de CINTALAPA, CHIS",2017-05-20,17:58:47,revisado
2017-09-09,22:07:21,5.8,15.2322,-94.664,19.2,"120 km al SURESTE de SALINA CRUZ, OAX",2017-09-10,03:07:21,revisado
2017-09-18,09:19:14,5.8,15.2562,-94.7672,15.0,"112 km al SURESTE de SALINA CRUZ, OAX",2017-09-18,14:19:14,revisado
2017-09-19,13:14:39,7.1,18.3297,-98.6712,51.2,"8 km al NOROESTE de CHIAUTLA DE TAPIA, PUE",2017-09-19,18:14:39,revisado
2017-09-23,05:38:05,5.8,15.2525,-94.586,35.0,"122 km al SURESTE de SALINA CRUZ, OAX",2017-09-23,10:38:05,revisado
2017-09-23,07:53:01,6.1,16.496,-95.146,10.0,"9 km al SUROESTE de CD IXTEPEC, OAX",2017-09-23,12:53:01,revisado
2017-10-13,19:20:57,5.5,15.9478,-95.0472,57.2,"30 km al SURESTE de SALINA CRUZ, OAX",2017-10-14,00:20:57,revisado
2017-11-03,05:52:06,5.6,18.7108,-106.519,16.2,"214 km al SUROESTE de CIHUATLAN, JAL",2017-11-03,11:52:06,revisado
2018-01-19,10:17:45,6.3,26.6672,-111.079,16.1,"77 km al NORESTE de LORETO, BCS",2018-01-19,16:17:45,revisado
2018-02-09,08:05:48,5.9,18.9507,-104.809,3.5,"41 km al SUROESTE de CIHUATLAN, JAL",2018-02-09,14:05:48,revisado
2018-02-16,17:39:39,7.2,16.218,-98.0135,16.0,"14 km al SURESTE de PINOTEPA NACIONAL, OAX",2018-02-16,23:39:39,revisado
2018-02-16,18:36:51,5.9,15.8438,-97.9887,24.3,"55 km al SUR de PINOTEPA NACIONAL, OAX",2018-02-17,00:36:51,revisado
2018-02-19,00:56:58,6.0,16.2477,-97.775,10.2,"31 km al SURESTE de PINOTEPA NACIONAL, OAX",2018-02-19,06:56:58,revisado
2018-04-11,02:30:38,5.5,15.5382,-95.0407,14.5,"73 km al SUR de SALINA CRUZ, OAX",2018-04-11,07:30:38,revisado
2018-06-29,22:56:49,5.9,18.879,-105.271,15.7,"84 km al SUROESTE de CIHUATLAN, JAL",2018-06-30,03:56:49,revisado
2018-07-19,08:31:55,5.9,17.7213,-97.8123,55.6,"10 km al SUROESTE de H HUAJUAPAN DE LEON, OAX",2018-07-19,13:31:55,revisado
2019-01-21,05:57:19,5.8,15.4165,-94.9038,18.7,"90 km al SURESTE de SALINA CRUZ, OAX",2019-01-21,11:57:19,revisado
2019-04-22,15:15:23,5.5,15.958,-98.6733,15.8,"79 km al SUROESTE de PINOTEPA NACIONAL, OAX",2019-04-22,20:15:23,revisado
2019-05-31,06:57:26,5.8,18.6877,-106.975,10.0,"261 km al OESTE de CIHUATLAN, JAL",2019-05-31,11:57:26,revisado
2019-08-12,15:39:35,5.5,15.9068,-93.8033,99.4,"21 km al SUR de TONALA, CHIS",2019-08-12,20:39:35,revisado
2019-08-14,16:35:18,5.8,20.4463,-109.265,15.3,"279 km al SUR de CABO SAN LUCAS, BCS",2019-08-14,21:35:18,revisado
2020-01-04,22:40:49,6.0,16.2527,-94.6173,80.8,"33 km al SURESTE de UNION HIDALGO, OAX",2020-01-05,04:40:49,revisado
2020-01-10,09:21:21,5.5,18.3913,-105.428,17.1,"131 km al SUROESTE de CIHUATLAN, JAL",2020-01-10,15:21:21,revisado
2020-03-06,21:52:02,5.6,31.6292,-114.327,8.3,"82 km al NORESTE de SAN FELIPE, BC",2020-03-07,03:52:02,revisado
2020-05-22,03:46:06,6.2,22.348,-108.011,5.0,"191 km al SUROESTE de MAZATLAN, SIN",2020-05-22,08:46:06,revisado
2020-06-23,10:29:03,7.4,15.8033,-96.1337,22.8,"4 km al NORTE de CRUCECITA, OAX",2020-06-23,15:29:03,revisado
2020-06-23,21:33:21,5.5,15.7488,-96.5613,12.0,"10 km al OESTE de S PEDRO POCHUTLA, OAX",2020-06-24,02:33:21,revisado
2020-07-23,22:19:51,5.7,15.3645,-96.0543,15.0,"46 km al SUR de CRUCECITA, OAX",2020-07-24,03:19:51,revisado
2021-03-19,21:06:31,5.7,16.4755,-98.9322,10.7,"60 km al SURESTE de SAN MARCOS, GRO",2021-03-20,03:06:31,revisado
2021-07-03,21:44:57,5.6,21.0463,-106.182,13.0,"108 km al NOROESTE de IXTAPA, JAL",2021-07-04,02:44:57,revisado
2021-07-31,10:39:18,5.5,27.57,-111.425,10.0,"65 km al SUROESTE de H GUAYMAS, SON",2021-07-31,15:39:18,revisado
2021-09-07,20:47:46,7.1,16.7553,-99.9533,15.0,"14 km al SUROESTE de ACAPULCO, GRO",2021-09-08,01:47:46,revisado
2021-09-23,11:47:53,5.6,23.0988,-107.986,10.0,"144 km al SUROESTE de LA CRUZ, SIN",2021-09-23,16:47:53,revisado
2021-12-13,01:03:07,5.5,15.4428,-92.22,178.2,"9 km al NORESTE de MOTOZINTLA, CHIS",2021-12-13,07:03:07,revisado
2021-12-22,17:22:57,6.0,18.7157,-107.161,10.0,"279 km al OESTE de CIHUATLAN, JAL",2021-12-22,23:22:57,revisado
2022-03-03,08:40:33,5.7,18.0908,-95.5727,123.1,"8 km al NOROESTE de ISLA, VER",2022-03-03,14:40:33,revisado
2022-03-05,21:29:20,5.6,16.7528,-95.2457,98.3,"25 km al SUROESTE de MATIAS ROMERO, OAX",2022-03-06,03:29:20,revisado
2022-09-19,13:05:09,7.7,18.2377,-103.269,12.1,"61 km al SUR de COALCOMAN, MICH",2022-09-19,18:05:09,revisado
2022-09-22,01:16:08,6.9,18.0108,-103.155,8.0,"85 km al SUR de COALCOMAN, MICH",2022-09-22,06:16:08,revisado
2022-10-02,14:00:23,5.8,23.8765,-108.814,16.0,"128 km al NORESTE de SAN JOSE DEL CABO, BCS",2022-10-02,19:00:23,revisado
2022-11-04,04:02:48,6.3,28.1503,-112.333,10.0,"90 km al NORTE de SANTA ROSALIA, BCS",2022-11-04,10:02:48,revisado
2022-11-22,10:39:05,6.2,30.6167,-116.393,10.0,"41 km al SUROESTE de VICENTE GUERRERO, BC",2022-11-22,16:39:05,revisado
2022-12-11,08:31:32,6.0,17.1298,-100.627,24.4,"10 km al SUR de TECPAN, GRO",2022-12-11,14:31:32,revisado
2023-03-01,22:40:44,5.8,16.1793,-94.5252,88.4,"46 km al SURESTE de UNION HIDALGO, OAX",2023-03-02,04:40:44,revisado
2023-04-03,20:11:59,5.5,15.9868,-97.0653,33.7,"14 km al NORTE de PUERTO ESCONDIDO, OAX",2023-04-04,02:11:59,revisado
2023-06-18,14:30:22,6.4,23.2087,-108.512,5.0,"123 km al ESTE de SAN JOSE DEL CABO, BCS",2023-06-18,20:30:22,revisado
2023-07-18,04:13:48,5.6,18.043,-105.817,15.0,"187 km al SUROESTE de CIHUATLAN, JAL",2023-07-18,10:13:48,revisado
2023-08-09,03:33:27,5.8,16.0873,-93.7827,103.1,"3 km al OESTE de TONALA, CHIS",2023-08-09,09:33:27,revisado
2023-09-08,09:53:20,5.7,19.2232,-105.19,2.6,"66 km al OESTE de CIHUATLAN, JAL",2023-09-08,15:53:20,revisado
2023-09-08,10:37:13,5.8,19.266,-105.156,5.0,"62 km al OESTE de CIHUATLAN, JAL",2023-09-08,16:37:13,revisado
2023-10-06,23:06:57,6.0,17.0463,-95.0868,110.5,"20 km al NORTE de MATIAS ROMERO, OAX",2023-10-07,05:06:57,revisado
2023-12-07,14:03:40,5.7,18.285,-98.753,49.1,"16 km al OESTE de CHIAUTLA DE TAPIA, PUE",2023-12-07,20:03:40,revisado
"Fecha y hora local en tiempo del centro de Mexico. Coordenadas geograficas (latitud y longitud) del epicentro en grados decimales. Profundidad en kilometros."
"La localizacion es solo una referencia a una localidad importante en cuanto a numero de habitantes y cercana al epicentro."
"Los registros con estatus verificado son los calculados y publicados de manera oportuna por al menos un analista de sismogramas."
"Los registros obtienen estatus revisado cuando se realiza un analisis, de ser posible, con mas y mejores datos para el calculo de parametros y cuyo tiempo de publicacion es variable."
"Esta informacion puede ser reproducida con fines no lucrativos siempre y cuando se mencione como fuente al Servicio Sismologico Nacional. De otra forma, requiere permiso previo por escrito de la institucion."
"Consulta nuestro Aviso Legal y Terminos de Uso en: www.ssn.unam.mx/aviso-legal"
"www.ssn.unam.mx | contacto@sismologico.unam.mx | 5622 2222 ext. 38706 (reportes de sismicidad), 38700 y 38701 (area administrativa)."